<?xml version="1.0" encoding="UTF-8" ?>
<beans xmlns="http://www.springframework.org/schema/beans"
       xmlns:xsi="http://www.w3.org/2001/XMLSchema-instance" xmlns:context="http://www.springframework.org/schema/context"
       xmlns:mvc="http://www.springframework.org/schema/mvc"
       xsi:schemaLocation="http://www.springframework.org/schema/mvc http://www.springframework.org/schema/mvc/spring-mvc-4.3.xsd
    http://www.springframework.org/schema/beans http://www.springframework.org/schema/beans/spring-beans.xsd
    http://www.springframework.org/schema/context http://www.springframework.org/schema/context/spring-context-4.3.xsd"
>
    <mvc:annotation-driven />
    <context:component-scan base-package="org.backend" />

    <bean
            class="org.springframework.web.servlet.view.InternalResourceViewResolver"
    >
        <property name="prefix">
            <value>/WEB-INF/</value>
        </property>
        <property name="suffix">
            <value>.jsp</value>
        </property>
    </bean>

    <bean id="multipartResolver"
          class="org.springframework.web.multipart.commons.CommonsMultipartResolver">
        <property name="maxUploadSize" value="200000000"/>
    </bean>
</beans>